{"stats":{"minecraft:crafted":{"minecraft:oak_planks":4},"minecraft:mined":{"minecraft:oak_log":1,"minecraft:oak_leaves":3},"minecraft:picked_up":{"minecraft:oak_log":1},"minecraft:used":{"minecraft:oak_planks":3},"minecraft:custom":{"minecraft:jump":106,"minecraft:time_since_rest":5111,"minecraft:leave_game":1,"minecraft:crouch_one_cm":44,"minecraft:sprint_one_cm":9183,"minecraft:play_time":5111,"minecraft:damage_taken":125,"minecraft:time_since_death":5111,"minecraft:walk_one_cm":1647,"minecraft:climb_one_cm":21,"minecraft:sneak_time":102,"minecraft:total_world_time":5111,"minecraft:fall_one_cm":685,"minecraft:fly_one_cm":123653}},"DataVersion":3955}